<?xml version="1.0" encoding="UTF-8" standalone="yes"?>
<addon id="plugin.audio.eq3" name="eQ-3 radiator thermostat control" version="2.0.0"
	provider-name="Heckie">
	<extension point="xbmc.python.pluginsource" library="addon.py">
		<provides>audio</provides>
	</extension>
	<extension point="xbmc.addon.metadata">
		<summary lang="en_gb">eQ-3 radiator thermostat control</summary>
		<description lang="en_gb">eQ-3 radiator thermostat control</description>
		<disclaimer lang="en_gb"></disclaimer>
		<language></language>
		<platform>linux</platform>
		<license></license>
		<forum></forum>
		<website></website>
		<email></email>
		<source></source>
		<news>v2.0.0 (2020-02-20)
		- Migration to Kodi v19 alias Matrix
		</news>
		<assets>
			<icon>icon.png</icon>
			<screenshot>resources/assets/screenshot_1.png</screenshot>
			<screenshot>resources/assets/screenshot_2.png</screenshot>
			<screenshot>resources/assets/screenshot_3.png</screenshot>
			<screenshot>resources/assets/screenshot_4.png</screenshot>
			<screenshot>resources/assets/screenshot_5.png</screenshot>
			<screenshot>resources/assets/screenshot_6.png</screenshot>
			<screenshot>resources/assets/screenshot_7.png</screenshot>
			<screenshot>resources/assets/screenshot_8.png</screenshot>
			<screenshot>resources/assets/screenshot_9.png</screenshot>
			<screenshot>resources/assets/screenshot_10.png</screenshot>
			<screenshot>resources/assets/screenshot_11.png</screenshot>
			<screenshot>resources/assets/screenshot_14.png</screenshot>
			<screenshot>resources/assets/screenshot_15.png</screenshot>
			<screenshot>resources/assets/screenshot_16.png</screenshot>
			<screenshot>resources/assets/screenshot_17.png</screenshot>
			<screenshot>resources/assets/screenshot_18.png</screenshot>
			<screenshot>resources/assets/screenshot_19.png</screenshot>
			<screenshot>resources/assets/screenshot_20.png</screenshot>
		</assets>
	</extension>
</addon>
