<?xml version="1.0" encoding="UTF-8" standalone="yes"?>
<addon id="plugin.audio.eq3" name="eQ-3 radiator thermostat control" version="0.0.1"
	provider-name="Heckie">
	<requires>
		<import addon="xbmc.python" version="2.25.0" />
		<import addon="xmbc.gui" version="5.12.0" />
		<import addon="xmbc.json" version="7.0.0" />
		<import addon="xmbc.metadata" version="2.1.0" />
		<import addon="xmbc.addon" version="17.0.0" />
	</requires>
	<extension point="xbmc.python.pluginsource" library="addon.py">
		<provides>audio</provides>
	</extension>
	<extension point="xbmc.addon.metadata">
		<summary lang="en_gb">eQ-3 radiator thermostat control</summary>
		<description lang="en_gb">eQ-3 radiator thermostat control</description>
		<disclaimer lang="en_gb"></disclaimer>
		<language></language>
		<platform>linux</platform>
		<license></license>
		<forum></forum>
		<website></website>
		<email></email>
		<source></source>
		<news>v0.0.1 (2017-12-14)
		- development starts
		</news>
		<assets>
			<icon>icon.png</icon>
			<screenshot>resources/assets/screenshot_1.png</screenshot>
			<screenshot>resources/assets/screenshot_2.png</screenshot>
			<screenshot>resources/assets/screenshot_3.png</screenshot>
			<screenshot>resources/assets/screenshot_4.png</screenshot>
			<screenshot>resources/assets/screenshot_5.png</screenshot>
			<screenshot>resources/assets/screenshot_6.png</screenshot>
			<screenshot>resources/assets/screenshot_7.png</screenshot>
			<screenshot>resources/assets/screenshot_8.png</screenshot>
			<screenshot>resources/assets/screenshot_9.png</screenshot>
			<screenshot>resources/assets/screenshot_10.png</screenshot>
			<screenshot>resources/assets/screenshot_11.png</screenshot>
			<screenshot>resources/assets/screenshot_14.png</screenshot>
			<screenshot>resources/assets/screenshot_15.png</screenshot>
			<screenshot>resources/assets/screenshot_16.png</screenshot>
			<screenshot>resources/assets/screenshot_17.png</screenshot>
			<screenshot>resources/assets/screenshot_18.png</screenshot>
			<screenshot>resources/assets/screenshot_19.png</screenshot>
			<screenshot>resources/assets/screenshot_20.png</screenshot>
		</assets>
	</extension>
</addon>
